Answer Relavancy Score,Answer Relavancy Reason,Faithfulness Score,Faithfulness Reason,Context Precision Score,Context Precision Reason,Context Recall Score,Context Recall Reason,Hallucination Score,Hallucination Reason
0.96,"The score is 0.96 because the provided JSON does not contain the information requested, but it addresses some aspects of the query with regard to the employee's rights in this situation. The answer does not directly address the redundancy aspect, but focuses on the health and safety concerns and the employee's right to return to work. This is relevant to the input, but not as comprehensive as it could be. The score is not 1 due to the missing information about redundancy processes and the employee's rights in that context.",1.0,Everything looks great! You're doing a fantastic job with your analysis. Keep it up!,1.0,"The score is 1.00 because all of the nodes in the retrieval context are relevant and are ranked correctly.  The first node in the retrieval context is the most relevant as it directly addresses the obligation to offer suitable alternative employment to employees on maternity leave before others. The second node explains the discrimination laws that apply to employees on maternity leave, and the third node elaborates on the health and safety concerns and the need for risk assessments and protective measures. The remaining two nodes further reinforce the key legal principles and the employer's course of action.",0.8888888888888888,"The score is 0.89 because although some sentences in the expected output are about the redundancy procedures, the main theme is about the amendment of regulations regarding maternity leave, adoption leave, and shared parental leave, which is what node(s) in retrieval context) are about.  The first seven sentences  are supported by the node(s) in retrieval context), but the last sentence, which summarizes the whole text, is not entirely supported by the retrieval context, causing a slight drop in the score. ",0.0,"The hallucination score is 0.00 because the actual output is aligned with the context, accurately mentioning relevant legislation and amendments without any contradictory information."
1.0,The landlord is obligated to ensure the carbon monoxide alarm is in proper working order. The tenant can contact the local council to report the issue and potential safety hazard. The landlord may face legal action or fines for failing to comply with regulations.,1.0,The score is 1.00 because there are no contradictions.,0.25,"The score is 0.25 because the relevant node (fourth node) is ranked fourth, and the irrelevant nodes (first, second, third, fifth, and sixth nodes) are ranked higher. The first node focuses on the requirements for smoke, heat, and carbon monoxide alarms but does not address malfunctioning alarms. The second node focuses on the regulations in Northern Ireland and does not address landlord obligations or tenant actions in a situation where a carbon monoxide alarm is not repaired. The third node focuses on the making of the Smoke and Carbon Monoxide Alarm (Amendment) Regulations 2022, but does not specifically mention landlord responsibilities or tenant actions in case of a malfunctioning alarm. The fifth node mentions the power used for its creation but does not address landlord responsibilities or tenant actions in case of a malfunctioning alarm. The sixth node defines the Smoke and Carbon Monoxide Alarm (England) Regulations 2015 but does not explicitly address landlord obligations or tenant actions in case of a malfunctioning alarm after three weeks.",1.0,The score is 1.00 because all sentences in the expected output are perfectly supported by information in node(s) in retrieval context).,0.0,"The hallucination score is 0.00 because the actual output closely aligns with the provided context, accurately reflecting key information about the Smoke and Carbon Monoxide Alarm (Amendment) Regulations 2022 and the Smoke, Heat and Carbon Monoxide Alarms for Private Tenancies Regulations (Northern Ireland) 2024. There are no contradictions or hallucinations detected."
1.0,"The apprentice is entitled to the National Minimum Wage for their age, as they have completed their first year of apprenticeship. The employer is in breach of the National Minimum Wage Act 1998 and the National Minimum Wage Regulations 2015 by paying the apprentice less than the National Minimum Wage. The apprentice can take the following steps: 1. Raise the issue with their employer and request to be paid the National Minimum Wage. 2. Contact ACAS for advice and support. 3. File a complaint with HMRC, who can investigate and enforce the National Minimum Wage. 4. Consider making a claim in the Employment Tribunal for unpaid wages.",1.0,The score is 1.00 because there are no contradictions.  Looking good!  ,1.0,The score is 1.00 because all of the nodes in the retrieval context are relevant to the question. The information in each node directly answers the input by referencing the relevant legislation - 'National Minimum Wage Regulations 2015' and 'National Minimum Wage Act 1998' -  and is therefore highly pertinent to the inquiry.,0.8,"The score is 0.80 because the retrieval context accurately reflects the key aspects of the expected output. The first node in the retrieval context effectively addresses the relevant legal framework (National Minimum Wage Act 1998 and Regulations 2015), aligning with sentences 1 and 4 of the expected output. However, the context lacks information regarding the steps an apprentice can take for non-compliant employers, failing to address the final sentence in the expected output.",0.8,"The score is 0.80 because the actual output provides an incorrect rate for the National Living Wage, contradicting multiple contexts with accurate information."
1.0,"The local authority has a legal obligation under the Environment Act 2021 to implement separate food waste collections. Residents can enforce compliance through legal remedies, such as judicial review or a claim for breach of statutory duty.",1.0,"This is fantastic! There are no contradictions, so the output is perfectly faithful to the context. Keep it up!",0.0,"The score is 0.00 because all the nodes in the retrieval context are irrelevant to the input.  The first node is irrelevant because it focuses on targets for local authorities relating to household waste recycling, with no mention of separate food waste collection or legal obligations for it. The second node is irrelevant because it provides an overview of the Environment Act 2021 commencement regulations, not specifically addressing food waste collection requirements or legal remedies for non-compliance. The third node is irrelevant because it deals with amendments to the Packaging Waste (Data Reporting) (England) Regulations 2023 and does not cover food waste collection or legal obligations. The fourth node is irrelevant because it sets a long-term target for reducing residual waste in England but doesn't specify legal obligations regarding separate food waste collection. The fifth node is irrelevant because it addresses amendments to the Waste Enforcement (Fixed Penalty Receipts) (Amendment) (England and Wales) Regulations 2024, not directly related to food waste collection. The sixth node is irrelevant because it focuses on amendments to the Producer Responsibility Obligations (Packaging Waste) (Amendment) (England and Wales) Regulations 2023 and doesn't include any relevant information on food waste collection.",0.0,"The score is 0.00 because none of the sentences in the expected output are covered in the retrieval context.  All sentences are about the legal obligation of local authorities in England to arrange for separate food waste collection and the consequences of failing to do so, whereas the retrieval context focuses on targets for household waste recycling. Therefore, the recall score is 0.00.",1.0,"The hallucination score is 1.00 because the actual output is completely different from the context,  hallucinating information about the Environment Act 2021 and omitting key details about the Environmental Protection Act 1990 and the provision of targets for local authorities regarding household waste recycling."
0.6666666666666666,"The score is 0.67 because the response does not address the input. The input asks about the employee's rights under the Shared Parental Leave (SPL) Regulations 2014, specifically regarding the impact of their residence in Wales on their entitlement. The response discusses the definition of 'protected persons' under the Education (Fees and Awards) (Wales) Regulations 2007, which is not directly related to SPL.  The input asks for information about the employee's rights under the SPL Regulations 2014, but the response does not provide any information about these regulations or how they apply to the employee's situation. The response discusses the possibility of an employee in Wales being considered a 'protected person' under the Education (Fees and Awards) (Wales) Regulations 2007, but this is not directly related to SPL.",0.8,"The score is 0.80 because the actual output appears to be talking about 'protected persons' in the context of SPL, while the retrieval context defines them in the context of the Education (Fees and Awards) (Wales) Regulations 2007.",0.5694444444444444,"The score is 0.57 because while the first and sixth nodes are relevant, the second node is irrelevant to the question and should be ranked lower than the sixth node since the sixth node specifically mentions 'Shared Parental Leave Regulations 2014' and 'SPL in general', while the second node focuses on 'travel restrictions related to Wales', which is not directly related to SPL.",0.9090909090909091,"The score is 0.91 because all but one sentence in the expected output relates to the 1st node(s) in retrieval context, which is the legislation regarding Shared Parental Leave, and the single unsupportive sentence is about residency which is not mentioned in the node.",0.375,"The hallucination score is 0.38 because the model correctly identifies several regulations related to Shared Parental Leave (SPL), but it also includes information about ""protected persons"" in the context of the Education (Fees and Awards) (Wales) Regulations 2007, which is not relevant to the topic of redundancies and SPL."
1.0,The score is 1.00 because the output perfectly matches the requested JSON schema.  You're doing a great job! Keep up the fantastic work!,0.9444444444444444,"The score is 0.94 because the provided contradiction states that tenants are not required to pay rent if the dwelling is unfit for human habitation, EXCEPT when it is a fixed term supported standard contract of seven years or more, suggesting the actual output contradicts this by not mentioning this exception.",0.7392857142857142,"The score is 0.74 because the first two nodes in the retrieval context are relevant, addressing the landlord's obligations regarding repairs and safety, while the third, fourth, and fifth nodes focus on emergencies and landlord's entry rights, which is less relevant. The sixth, seventh, and eighth nodes are also relevant, providing information on tenant's rights, landlord's responsibility in repairs, and the fitness for human habitation regulations. This ordering demonstrates that the relevant nodes are ranked higher than the irrelevant nodes, resulting in a score of 0.74.",0.5714285714285714,"The score is 0.57 because the node(s) in retrieval context) address some of the concepts in the expected output, but they don't cover everything. The first two sentences in the expected output discuss the legal obligations of landlords, and the first node partially addresses this. The third to seventh sentences highlight the landlord's responsibility to maintain the dwelling, and the sixth node somewhat supports this, but it only addresses rent deductions.  Additionally, the eighth sentence mentions the tenant's right to contact the Environmental Health department, which isn't covered in the retrieval context, nor is the tenant's right to withhold rent or seek legal advice.",0.0,The score is 0.00 because the actual output aligns with all the provided context and does not contain any contradictions.
1.0,"The Public Health (Minimum Price for Alcohol) (Wales) Act 2018 sets a minimum unit price for alcohol in Wales, aiming to reduce alcohol-related harm. Retailers selling alcohol below this price are in violation of the Act. Penalties for non-compliance can include fines or even imprisonment. The Act emphasizes a minimum price, meaning retailers cannot offer discounts or promotions that drive the price below the legal minimum. Discounts and promotions that keep the unit price at or above the minimum are permissible, but those that bring the price below the minimum are not.",1.0,"Awesome work! The model is perfectly faithful to the retrieval context, and there are no issues whatsoever.",0.0,"The score is 0.00 because all nodes in the retrieval context are irrelevant. The first node is about 'Health Protection (Coronavirus, Public Health Information for Persons Travelling to Wales etc.) Regulations 2020' and does not provide information about minimum alcohol pricing. The second node is about 'Health Protection (Coronavirus, International Travel) (Wales) (Amendment) (No. 16) Regulations 2021' and has no relevance to the topic of minimum alcohol pricing in Wales. The third node focuses on the 'Health Protection (Coronavirus, Public Health Information for Persons Travelling to Wales etc.) (Amendment) Regulations 2020' and does not contain details about alcohol pricing regulations. The fourth node concerns the 'Health Protection (Coronavirus, International Travel and Public Health Information to Travellers) (Wales) (Amendment) (No. 2) Regulations 2020' and does not offer information on minimum alcohol pricing in Wales. The fifth node deals with the 'Health Protection (Coronavirus, International Travel and Public Health Information to Travellers) (Wales) (Amendment) (No. 3) Regulations 2021' and is not relevant to the topic of minimum alcohol pricing. The sixth node concerns the 'Health Protection (Coronavirus, International Travel, Operator Liability and Public Health Information to Travellers) (Wales) (Amendment) Regulations 2021' and does not provide information about minimum alcohol pricing. The seventh node concerns the 'Health Protection (Coronavirus, Operator Liability and Public Health Information to Travellers) (Wales) (Amendment) Regulations 2021' and does not offer information about minimum alcohol pricing. The eighth node is about the 'Health Protection (Coronavirus, International Travel and Public Health Information to Travellers) (Wales) (Amendment) Regulations 2020' and is not relevant to the topic of minimum alcohol pricing in Wales.",0.0,"The score is 0.00 because the expected output discusses the Public Health (Minimum Price for Alcohol) (Wales) Act 2018 and its provisions, while the retrieval context only deals with Welsh Statutory Instruments related to public health and the Coronavirus pandemic. Therefore, none of the expected output sentences are supported by the retrieval context.",1.0,"The score is 1.00 because the actual output contradicts the context by claiming regulations were revoked, while the context only provides information about regulations being amended, not revoked."
1.0,The score is 1.00 because the output is a valid JSON object containing the 'reason' field as specified by the schema and is relevant to the provided input.,1.0,This is a great response!  You seem to be doing well with the task!,1.0,"The score is 1.00 because all the relevant nodes are ranked higher than the irrelevant nodes. All of the 'yes' nodes address the specific legal framework ('Town and Country Planning (General Permitted Development) (Wales) Order 1995') and permitted development rights, which is the central focus of the input. Meanwhile, the 'no' nodes address tangential concepts like fees, granted planning permission, acquisition of buildings by agreement, planning legislation, and development consent, which are not directly relevant to the homeowner's question about permitted development rights and extensions.",0.0,"The score is 0.00 because none of the sentences in the expected output are supported by the node(s) in retrieval context). The sentences in the expected output discuss permitted development rights, extensions, and building regulations, while the retrieval context focuses on amendments to the Town and Country Planning (General Permitted Development) Order 1995 related to public health emergencies and temporary buildings.",0.3,"The hallucination score is 0.30 because while the output aligns well with several contexts, it also contains some inconsistencies.  For instance, it implies all extensions up to a specified height and size are 'permitted development' without needing planning permission, while context 1 suggests this might not always be the case. Additionally, it lacks mention of fees and acquisition powers discussed in contexts 5 and 7 respectively."
1.0,"The score is 1.00 because the JSON object contains the 'reason' key, which is required by the schema. The value for 'reason' is a string, which is also required by the schema.",1.0,"Amazing job! There are no contradictions, so it seems like the actual output perfectly aligns with the retrieval context!  Keep up the great work! ",1.0,"The score is 1.00 because the retrieval context nodes are all relevant to the input. All the nodes are relevant to the input, so the ranking is excellent!.",0.8076923076923077,"The score is 0.81 because almost all of the sentences in the expected output align with the first node in the retrieval context, which is 'This Act establishes a statutory framework for supporting children and young people with additional learning needs.' The only sentences that do not have a direct connection to the retrieval context are the introductory and concluding sentences.  ",0.0,The score is 0.00 because the actual output accurately references key concepts like the 'Additional Learning Needs and Education Tribunal (Wales) Act 2018' and the 'Individual Development Plan (IDP)' found within the provided context.
1.0,"An employee in Scotland who has recently lost a child is entitled to two weeks' paid leave under the Parental Bereavement (Leave and Pay) Act 2018.  The employer is obligated to provide this leave and pay, and they cannot refuse it. The employee must have worked for the employer for at least 26 weeks before the death of the child, and they must have been working at the time of the child's death. They can take the leave within 56 weeks of the child's death. The employee can choose to take the leave in one block or in separate periods. The employer can ask for evidence of the child's death, but they cannot ask for any other personal information.  It's important to note that the employee's right to leave is not dependent on whether they were the child's biological parent or not. Any parent of a child who has died is entitled to this leave, regardless of the circumstances of their relationship to the child.",1.0,This is great! No contradictions found. You're doing a fantastic job! Keep it up!,1.0,"The score is 1.00 because all the nodes in retrieval context are relevant to the input, including the first node which discusses 'regulations related to bereavement leave and pay for parents following the death of a child', and the second node that defines the conditions for 'entitlement to parental bereavement leave', and the third node mentioning the 'Parental Bereavement (Leave and Pay) Act 2018' and the entitlement to 'leave for bereaved parents', and the fourth node that talks about 'contractual rights to parental bereavement leave', and the fifth node which discusses 'terms and conditions during parental bereavement leave', and the sixth node that talks about 'entitlement to statutory parental bereavement pay', and the seventh node mentioning 'statutory parental bereavement pay and its inclusion in secondary legislation', and the eighth node that discusses the 'consequential amendments to secondary legislation regarding income tax and its relation to statutory parental bereavement pay', and the ninth node that mentions 'amendments to the Employment Rights Act 1996'.",1.0,"The score is 1.00 because every sentence in the expected output aligns perfectly with the content of the first node in retrieval context, discussing the Parental Bereavement (Leave and Pay) Act 2018 and its associated legislation.",0.0,"The score is 0.00 because the actual output aligns perfectly with the provided context, indicating no hallucination."
1.0,"The landlord has a legal duty to ensure that the rented property is in a reasonable state of repair and free from dampness and mold, under the Housing (Scotland) Act 2006.  The tenant can take several steps to enforce these obligations, including:  * Serving a formal notice on the landlord, giving them a reasonable time to address the issue.  * If the landlord fails to take action, the tenant can apply to the First-tier Tribunal for Scotland (Housing and Property Chamber) for an order requiring the landlord to carry out the necessary repairs.  * In some cases, the tenant may also be able to claim compensation from the landlord for any damage caused by the dampness and mold.  It is important to note that specific details and procedures may vary depending on the individual circumstances, so it is highly recommended that the tenant seek legal advice from a qualified professional.",1.0,This is a perfect example of how great you are! Keep up the amazing work!,1.0,"The score is 1.00 because all the nodes in the retrieval context are relevant to the input, providing comprehensive information about the 'Housing (Scotland) Act 2006', the 'Repairing Standard', tenant rights, and enforcement procedures. The first node is about the 'Housing (Scotland) Act 2006' and 'Repairing Standard' defined in Section 13, which is directly relevant to the question. The second node highlights the landlord's obligation to ensure the property meets the 'Repairing Standard' throughout the tenancy, including fixing dampness and mold. The third node details the tenant's right to apply to the 'First-tier Tribunal' to enforce the 'Repairing Standard'. The fourth node explains the Tribunal's power to issue a 'Repairing Standard Enforcement Order (RSEO)' compelling the landlord to make necessary repairs. The fifth node describes the consequences of the landlord's non-compliance with the RSEO, including potential rent relief for the tenant. The sixth node emphasizes that the 'Housing (Scotland) Act 2006' provides tenants with clear procedures to address housing issues and enforce their rights against landlords. Finally, the seventh node clarifies the procedures of the 'First-tier Tribunal for Scotland Housing and Property Chamber' in handling cases related to the 'Housing (Scotland) Act 2006', including those concerning the 'Repairing Standard'. ",0.0,The score is 0.00 because none of the sentences in the expected output are mentioned in the retrieval context.,1.0,"The hallucination score is 1.00 because the actual output discusses a different legal framework and landlord obligations than the provided context, which focuses on regulations regarding rent and assured tenancies, energy efficiency, and pre-action requirements. The model is completely hallucinating as it does not align with the provided context in any way."
0.9166666666666666,"The score is 0.92 because the JSON response is missing the requested information about legal protections and steps under the Act. It's a good start as it provides the correct structure and includes the 'reason' key, but lacks the substantive content to be fully relevant.",1.0,"This is perfect! The faithfulness score is 1.0, and there are no contradictions at all. Keep up the great work!  ",0.6428571428571429,"The score is 0.64 because the first node directly addresses the legal protections available under the ""Domestic Abuse (Protection) (Scotland) Act 2021"",  while the second node discusses a different type of redress scheme. The third node talks about the offense of domestic abuse, which doesn't provide specific information on legal protections. The fourth node describes making ""domestic abuse protection notices"", which relates to protecting individuals from abusive behavior. The fifth node talks about collection of maintenance in cases involving domestic abuse, not directly related to the question's focus on legal protections. The sixth node discusses the extraterritorial jurisdiction of certain sexual offenses, not directly related to legal protections for domestic abuse in Scotland. Finally, the seventh node mentions the short title of the act as ""Domestic Abuse (Protection) (Scotland) Act 2021"", which is explicitly mentioned in the question.",0.8,"The score is 0.80 because sentences 1, 2, 3, 4, 5, 6, and 7 of the expected output are covered by the first node in the retrieval context. Sentence 8 is partially covered by node 3 in the retrieval context, but node 3 doesn't talk about the protective orders specifically. These sentences are accurately captured by the retrieval context which is why the recall score is pretty good. ",0.0,"The score is 0.00 because the actual output accurately references multiple aspects of the provided context related to domestic abuse laws and protections in Scotland, including the Domestic Abuse (Protection) (Scotland) Act 2021 and Domestic Abuse Protection Orders, as well as referencing child support maintenance. It demonstrates a strong understanding of the provided context, demonstrating no signs of hallucination."
1.0,"The retailer is considering selling alcohol below the minimum unit price, which is illegal under the Alcohol (Minimum Pricing) (Scotland) Act 2012. The retailer has an obligation to comply with the Act and sell alcohol at or above the minimum price. Failure to do so could result in penalties, including fines and imprisonment.",0.9166666666666666,"The score is 0.92 because the actual output claims that the minimum price per unit for alcohol is Â£4.25 or Â£4.50, but the retrieval context states that it's 50 pence and 65 pence.",0.8486111111111111,"The score is 0.85 because the first three nodes in retrieval contexts are relevant, addressing the legal implications and retailer's obligations. The fourth node is irrelevant because it discusses ""low volume drink products and their marketing"", which is not directly related to the retailer's obligations. Similarly, the sixth and seventh nodes are irrelevant because they explain the process and rationale behind the Continuation Order and the amendments related to low volume drink products, respectively. These irrelevant nodes should be ranked lower than the relevant nodes because they don't directly address the legal implications and retailer's obligations under the Alcohol (Minimum Pricing) (Scotland) Act 2012.",1.0,"The score is 1.00 because all sentences in the expected output are supported by node(s) in retrieval context. Specifically, sentences 1 through 7 are supported by node 1 and sentences 8-17 are also supported by node 1. The retrieval context perfectly aligns with the expected output, which is a fantastic result!",0.0,"The score is 0.00 because the actual output fully aligns with the provided context, indicating no hallucinations."
1.0,"The child has the right to a Coordinated Support Plan (CSP) if they have a learning difficulty, and the parent can request an assessment and ask for a meeting with the school to discuss the CSP.",1.0,This is a great example of how to follow instructions! You are doing an amazing job!,0.0,"The score is 0.00 because all nodes in the retrieval context are irrelevant to the input. For example, the first node is about ""the Children (Scotland) Act 1995 and focuses on child advocacy services in relevant proceedings"", which does not relate to the Education (Additional Support for Learning) (Scotland) Act 2004. The second node also deals with ""deprivation of liberty orders and the information provided to children about such services"", which is unrelated to the input's focus on education act and support for learning difficulties. The remaining nodes similarly focus on advocacy services in the context of deprivation of liberty orders, which is unrelated to the Education (Additional Support for Learning) (Scotland) Act 2004 and the rights of children with learning difficulties. Hence, all nodes in the retrieval context are irrelevant to the input, resulting in a score of 0.00.",0.0,The score is 0.00 because none of the sentences in the expected output were found in any of the nodes in retrieval context. ,1.0,"The hallucination score is 1.00 because the actual output significantly diverges from the expected content, focusing on education instead of the anticipated themes of child advocacy services, provision of advocacy services, saving provisions, and a duty to give assistance."
0.9166666666666666,"The score is 0.92 because while the response provides relevant information about the Domestic Abuse and Civil Proceedings Act (NothernIreland) 2021, it lacks specific details about the legal protections available. It primarily focuses on general advice and steps, which is helpful but doesn't address the legal protections in depth, impacting the score.",1.0,The score is 1.00 because there are no contradictions!,0.6678571428571429,"The score is 0.67 because the first two nodes in the retrieval context are relevant, but the second node is ranked higher than the first node, which should have been ranked higher. The first node mentions the Domestic Abuse and Civil Proceedings Act (Northern Ireland) 2021, providing context for the legal protections available. The second node focuses on the Domestic Abuse Act 2021, which doesn't directly address Northern Ireland's specific act. Also, the third and sixth nodes should have been ranked lower than the first and second nodes, as they both mention the Domestic Abuse Act 2021, which is less relevant than the Domestic Abuse and Civil Proceedings Act (Northern Ireland) 2021. The fourth, fifth, and seventh nodes are relevant and were ranked appropriately.",0.8421052631578947,"The score is 0.84 because the retrieval context directly relates to the first 4 sentences of the expected output, and the context describes the Order that brings into operation Section 28 of the Domestic Abuse and Civil Proceedings Act (Northern Ireland) 2021, which is mentioned in the sentence, and the full text of the Domestic Abuse Act 2021 is found in node 3, which fully supports the sentences in the expected output. However, the retrieval context does not relate to the subsequent sentences in the expected output.",0.0,"The score is 0.00 because the output accurately discusses the new offense for domestic abuse in the context of the Domestic Abuse and Civil Proceedings Act (Northern Ireland) 2021, showing no signs of hallucination."
1.0,"This employee has the right to be paid at least the National Minimum Wage, as per the National Minimum Wage Act 1998 and the National Minimum Wage Regulations (NothernIreland) 2015.  They can take the following steps: 
1. **Contact their employer:** Explain the situation and request a correction to their pay. 
2. **Contact the Department for the Economy:**  The Department for the Economy in NothernIreland enforces minimum wage laws. They can investigate the issue and take action against the employer if necessary.  They can also provide guidance on how to pursue a claim. 
3. **Consider filing a claim with an employment tribunal:** In some cases, the employee may be able to file a claim for underpayment with an employment tribunal.  The tribunal can order the employer to pay back wages, as well as award additional compensation for the breach of contract.  It is best to contact the Department for the Economy or seek legal advice before filing a claim. 

It is important to gather evidence, such as payslips, contracts, and emails, to support their claim of underpayment.  They should keep a detailed record of their interactions with their employer and the Department for the Economy.  They may also be able to access free support from an employment rights advice service.",1.0,Amazing job! Your output is perfectly aligned with the context!,0.8099999999999999,"The score is 0.81 because it seems like the first two nodes in retrieval context are ranked correctly. The first two nodes are accurately classified as relevant and irrelevant respectively, and the irrelevant node is ranked lower than the relevant node. The third and fifth nodes in retrieval context are also relevant and seem to be ranked correctly, but the second node is misclassified as irrelevant and placed higher than the third and fifth node.  This is a strong indication that the model has grasped the intent of the input and is able to discern relevant information.",0.09090909090909091,"The score is 0.09 because the retrieval context only contains information about amendments to the National Minimum Wage Regulations (NothernIreland) 2015, while the expected output describes the act and regulations as a whole, covering aspects like employee rights, record keeping, and enforcement. The sentence about the regulations offering details for specific situations aligns with the retrieval context, but only captures a small part of the expected output. There is no mention of the National Minimum Wage Act 1998, employee rights, enforcement, or the Employment Rights (NothernIreland) Order 1996 in the retrieval context.",0.6666666666666666,"The hallucination score is 0.67 because the output mentions the National Minimum Wage Act 1998 and aligns with the context, but it contains several contradictions regarding the 2015 Regulations being amended, the Secretary of State, and specific sections referenced."
0.8823529411764706,"The score is 0.88 because it is a good summary of the input and provides helpful information on how the employee can access their entitlement. However, the content does not explicitly state the employee's rights under the Act. It also includes a disclaimer, which is irrelevant to the core question.",0.875,"The score is 0.88 because the actual output contradicts the retrieval context by stating that an employee can exercise both statutory and contractual rights separately, while the retrieval context states that only one of the rights can be exercised at a time. Additionally, the actual output mentions the 'Parental Bereavement Leave and Pay Regulations (Northern Ireland) 2020', which is incorrect as the retrieval context states that the regulations came into effect on September 29, 2023, making the 2020 version non-existent.",1.0,"The score is 1.00 because all nodes in retrieval context are relevant to the input. The first node in retrieval context explains the Parental Bereavement Leave and Pay Act (NothernIreland) 2022. The second node in retrieval context explains the Parental Bereavement Leave and Pay Act (NothernIreland) 2022 and details the circumstances under which the leave and pay are available. The third node in retrieval context provides information on the 'Parental Bereavement Leave and Pay (Consequential Amendments to Subordinate Legislation) Regulations (Northern Ireland) 2023' which are directly related to the entitlements for bereavement leave and pay. The fourth node in retrieval context discusses Article 112EB of the 1996 Order, which addresses an employee's rights during parental bereavement leave. The fifth and sixth nodes in retrieval context discusses contractual rights to parental bereavement leave.",1.0,"The score is 1.00 because all sentences in the expected output are supported by node(s) in retrieval context. For example, the first sentence mentions 'Parental Bereavement Leave and Pay Act (NothernIreland) 2022', which is discussed in the first node, and the first node also mentions 'parental bereavement leave' which is a key term throughout the expected output.",0.0,"The hallucination score is 0.00 because the actual output aligns with the context on all points, showing no contradictions or hallucinations."
1.0,"The notice period is likely valid. The Private Tenancies Act (Northern Ireland) 2022 sets out a minimum notice period of four weeks for periodic tenancies. However, the tenant may have some rights, such as the right to apply for a court order to extend the notice period if there are extenuating circumstances. It is recommended that the tenant seek legal advice from a solicitor or housing rights organization to understand their full rights and options.",1.0,The score is 1.00 because there are no contradictions.,0.14285714285714285,"The score is 0.14 because the only relevant node is the last one, and it's ranked seventh, while the first six nodes in the retrieval context are about the Covid pandemic and rent variation notices, which are not related to the notice periods required for eviction, making them irrelevant.  ",0.0,"The score is 0.00 because none of the sentences in the expected output are mentioned in the retrieval context. All of the sentences discuss the Private Tenancies Act (NothernIreland) 2022 and the Private Tenancies (NothernIreland) Order 2006, and the specific requirements for landlords and tenants under these acts, but none of this information is present in the retrieval context.",1.0,The hallucination score is 1.00 because the model generated information that is not present in the context about the length of notice required for a periodic tenancy.
1.0,"The score is 1.00 because this is a perfect and relevant response to the input, answering the user's question in a concise and organized way.",1.0,That is amazing! Your 'actual output' is perfectly faithful to the retrieval context! You're a true genius expert. Keep up the excellent work! ðŸ˜„,0.8541666666666666,"The score is 0.85 because the 'no' verdicts are ranked lower than the 'yes' verdicts. The first node explains the offense of stalking in detail, including the elements that constitute it. The second node explains the purpose of the Act, which aligns with the question's request for legal protections. The third node explains the process for obtaining Stalking Protection Orders. All of these are directly relevant to the input, which is about legal protections under the Stalking Act (Northern Ireland) 2022. However, the third node, which relates to the Protection from Harassment Act 1997, is less relevant than the others because it's not directly about the Stalking Act (Northern Ireland) 2022. The fifth node is also irrelevant because it only explains the purpose of Stalking Protection Orders. The sixth node, while focusing on specific provisions within the Protection from Harassment Act 1997, is also less relevant than the others. This is because it doesn't provide information on the specific legal protections available under the Stalking Act (Northern Ireland) 2022.",1.0,"The score is 1.00 because the expected output is perfectly covered by the information from the node(s) in retrieval context. It seems like everything was covered in this node, which is amazing! Keep up the great work.",0.0,"The hallucination score is 0.00 because the actual output aligns with the context by accurately referencing relevant legislation, such as the Protection from Harassment Act 1997 and the Protection from Stalking Act (Northern Ireland) 2022, and correctly outlining the legal framework around stalking and stalking protection orders."
